{"math": {"corr": 8.0, "wrong": 18.0, "acc": 0.3076923076923077}, "total": {"corr": 8.0, "wrong": 18.0, "acc": 0.3076923076923077}}