{"computer science": {"corr": 15.0, "wrong": 11.0, "acc": 0.5769230769230769}, "total": {"corr": 15.0, "wrong": 11.0, "acc": 0.5769230769230769}}