{"other": {"corr": 17.0, "wrong": 9.0, "acc": 0.6538461538461539}, "total": {"corr": 17.0, "wrong": 9.0, "acc": 0.6538461538461539}}