{"biology": {"corr": 20.0, "wrong": 6.0, "acc": 0.7692307692307693}, "total": {"corr": 20.0, "wrong": 6.0, "acc": 0.7692307692307693}}