{"chemistry": {"corr": 12.0, "wrong": 14.0, "acc": 0.46153846153846156}, "total": {"corr": 12.0, "wrong": 14.0, "acc": 0.46153846153846156}}