{"health": {"corr": 16.0, "wrong": 10.0, "acc": 0.6153846153846154}, "total": {"corr": 16.0, "wrong": 10.0, "acc": 0.6153846153846154}}