{"chemistry": {"corr": 7.0, "wrong": 19.0, "acc": 0.2692307692307692}, "total": {"corr": 7.0, "wrong": 19.0, "acc": 0.2692307692307692}}