{"engineering": {"corr": 10.0, "wrong": 16.0, "acc": 0.38461538461538464}, "total": {"corr": 10.0, "wrong": 16.0, "acc": 0.38461538461538464}}