{"biology": {"corr": 19.0, "wrong": 7.0, "acc": 0.7307692307692307}, "total": {"corr": 19.0, "wrong": 7.0, "acc": 0.7307692307692307}}