{"math": {"corr": 3.0, "wrong": 23.0, "acc": 0.11538461538461539}, "total": {"corr": 3.0, "wrong": 23.0, "acc": 0.11538461538461539}}