{"health": {"corr": 14.0, "wrong": 12.0, "acc": 0.5384615384615384}, "total": {"corr": 14.0, "wrong": 12.0, "acc": 0.5384615384615384}}